{"loss": [1.6145966053009033, 1.180672526359558, 1.0006942749023438, 0.8757538795471191, 0.8028882741928101, 0.7373434901237488, 0.6835008859634399, 0.6382877826690674, 0.5949086546897888, 0.559691309928894, 0.5179809331893921, 0.49441227316856384, 0.4691203236579895, 0.4496590495109558, 0.4202003479003906, 0.3926018476486206, 0.37745827436447144, 0.3679771423339844, 0.34468773007392883, 0.32674524188041687, 0.3164534866809845, 0.30099236965179443, 0.28875866532325745, 0.2819971740245819, 0.2701411247253418, 0.2566474378108978, 0.24776722490787506, 0.2371603101491928, 0.233021080493927, 0.227608785033226, 0.21900931000709534, 0.20987597107887268, 0.20410749316215515, 0.19843029975891113, 0.19331902265548706, 0.19050662219524384, 0.18146614730358124, 0.1800796091556549, 0.17071911692619324, 0.1749727576971054, 0.16871784627437592, 0.16232162714004517, 0.15428777039051056, 0.1713944524526596, 0.15507487952709198, 0.14948803186416626, 0.14758887887001038, 0.14510956406593323, 0.14284487068653107, 0.13877049088478088, 0.13929548859596252, 0.1388566941022873, 0.13174256682395935, 0.129336416721344, 0.12355316430330276, 0.1215580403804779, 0.12452338635921478, 0.11933768540620804, 0.1194920614361763, 0.11818112432956696, 0.1168334111571312, 0.11499010026454926, 0.10917304456233978, 0.11165639013051987, 0.11228509992361069, 0.10628987103700638, 0.1072864681482315, 0.10165360569953918, 0.10498210787773132, 0.10054845362901688, 0.0996057391166687, 0.09661734104156494, 0.09684058278799057, 0.09675853699445724, 0.0984921008348465, 0.0927344411611557, 0.08998078107833862, 0.09131649136543274, 0.09145468473434448, 0.08973456174135208, 0.08977899700403214, 0.08838161826133728, 0.08951590955257416, 0.09038842469453812, 0.0840173065662384, 0.08578585088253021, 0.08665415644645691, 0.08444220572710037, 0.0822632908821106, 0.07976197451353073, 0.07755955308675766, 0.0808253288269043, 0.07902802526950836, 0.08006664365530014, 0.08370133489370346, 0.08337169885635376, 0.07893245667219162, 0.07673478871583939, 0.07681026309728622, 0.07734090834856033], "accuracy": [0.46525999903678894, 0.5947200059890747, 0.6531000137329102, 0.694379985332489, 0.7219200134277344, 0.7437400221824646, 0.7604799866676331, 0.7750599980354309, 0.79339998960495, 0.8037599921226501, 0.8193399906158447, 0.8274000287055969, 0.8352000117301941, 0.8398799896240234, 0.8491799831390381, 0.8602200150489807, 0.8668400049209595, 0.8683000206947327, 0.8772199749946594, 0.883679986000061, 0.8861799836158752, 0.8916000127792358, 0.8963000178337097, 0.8990600109100342, 0.9034000039100647, 0.9084799885749817, 0.9124199748039246, 0.9151999950408936, 0.9160400032997131, 0.9193199872970581, 0.9201800227165222, 0.9246000051498413, 0.926580011844635, 0.928659975528717, 0.9298800230026245, 0.9327999949455261, 0.9351800084114075, 0.9364399909973145, 0.9387000203132629, 0.9372599720954895, 0.9402199983596802, 0.9424399733543396, 0.9453999996185303, 0.9387000203132629, 0.9454399943351746, 0.9458600282669067, 0.9472399950027466, 0.9491400122642517, 0.9496999979019165, 0.9501199722290039, 0.9491199851036072, 0.951200008392334, 0.953980028629303, 0.953540027141571, 0.9561799764633179, 0.9568799734115601, 0.9561600089073181, 0.9570800065994263, 0.9585199952125549, 0.9590799808502197, 0.9592400193214417, 0.9602599740028381, 0.9617599844932556, 0.9604200124740601, 0.9606000185012817, 0.9623200297355652, 0.963100016117096, 0.9638199806213379, 0.9640799760818481, 0.964739978313446, 0.9643599987030029, 0.9654399752616882, 0.9667800068855286, 0.9664199948310852, 0.9648799896240234, 0.9671000242233276, 0.9684399962425232, 0.9678199887275696, 0.967960000038147, 0.968779981136322, 0.9688000082969666, 0.9685400128364563, 0.9686800241470337, 0.9681400060653687, 0.9703999757766724, 0.9701799750328064, 0.9704399704933167, 0.9703199863433838, 0.9716600179672241, 0.9715399742126465, 0.9729800224304199, 0.9716399908065796, 0.9724799990653992, 0.972320020198822, 0.9702399969100952, 0.9709600210189819, 0.9729800224304199, 0.9734399914741516, 0.9731400012969971, 0.9728800058364868], "val_loss": [1.375976800918579, 0.9855417013168335, 0.9907097816467285, 0.7984029054641724, 0.7499364614486694, 0.6999847888946533, 0.67854243516922, 0.7916946411132812, 0.6135050654411316, 0.6333237290382385, 0.6041701436042786, 0.5984264016151428, 0.6025493741035461, 0.5892186760902405, 0.5997742414474487, 0.6811431646347046, 0.5932048559188843, 0.5999302864074707, 0.5753096342086792, 0.5572078824043274, 0.5840432047843933, 0.5631083846092224, 0.5775666832923889, 0.5654093027114868, 0.6053443551063538, 0.663236677646637, 0.5721544027328491, 0.5761489272117615, 0.6170539259910583, 0.6232819557189941, 0.5725984573364258, 0.6018467545509338, 0.576985239982605, 0.6154683828353882, 0.6192558407783508, 0.5818777084350586, 0.5996213555335999, 0.5923136472702026, 0.6090391874313354, 0.607184112071991, 0.6071707010269165, 0.6138107180595398, 0.6676602959632874, 0.6204862594604492, 0.6126139163970947, 0.6213999390602112, 0.6146432161331177, 0.6155797243118286, 0.6480180621147156, 0.6910952925682068, 0.6344313621520996, 0.6503384113311768, 0.6245396733283997, 0.6879798173904419, 0.6285849213600159, 0.6278284788131714, 0.6316782832145691, 0.6210069060325623, 0.6238745450973511, 0.6341860890388489, 0.6301828026771545, 0.6755009889602661, 0.665734052658081, 0.6509970426559448, 0.649255096912384, 0.6715356707572937, 0.6684114933013916, 0.6558035612106323, 0.6489993929862976, 0.6520730257034302, 0.6428078413009644, 0.6667761206626892, 0.6624077558517456, 0.6930747628211975, 0.6869428753852844, 0.6587930917739868, 0.6621843576431274, 0.6732250452041626, 0.6705053448677063, 0.666519045829773, 0.6574676036834717, 0.6402445435523987, 0.6796815991401672, 0.6696673631668091, 0.6865543723106384, 0.6927707195281982, 0.7027894258499146, 0.7063515186309814, 0.6621696949005127, 0.6831043362617493, 0.6652854084968567, 0.6627399325370789, 0.6641146540641785, 0.7328282594680786, 0.6620681881904602, 0.6503997445106506, 0.6799607872962952, 0.6937516331672668, 0.6600032448768616, 0.6843734979629517],